<?xml version="1.0" encoding="UTF-8"?>
<!DOCTYPE platform PUBLIC "-//NetBeans//DTD Java PlatformDefinition 1.0//EN" "http://www.netbeans.org/dtds/java-platformdefinition-1_0.dtd">
<platform default="no" name="JDK 17 (System)">
    <jdkhome>
        <resource>file:/usr/lib/jvm/java-17-openjdk-amd64/</resource>
    </jdkhome>
    <properties>
        <property name="platform.ant.name" value="JDK_17__System_"/>
    </properties>
    <sysproperties>
        <property name="file.encoding" value="UTF-8"/>
        <property name="file.separator" value="/"/>
        <property name="java.class.path" value=""/>
        <property name="java.class.version" value="61.0"/>
        <property name="java.home" value="/usr/lib/jvm/java-17-openjdk-amd64"/>
        <property name="java.io.tmpdir" value="/tmp"/>
        <property name="java.library.path" value="/usr/java/packages/lib:/usr/lib/x86_64-linux-gnu/jni:/lib/x86_64-linux-gnu:/usr/lib/x86_64-linux-gnu:/usr/lib/jni:/lib:/usr/lib"/>
        <property name="java.runtime.name" value="OpenJDK Runtime Environment"/>
        <property name="java.runtime.version" value="17.0.10+7-Ubuntu-122.04.1"/>
        <property name="java.specification.name" value="Java Platform API Specification"/>
        <property name="java.specification.vendor" value="Oracle Corporation"/>
        <property name="java.specification.version" value="17"/>
        <property name="java.vendor" value="Private Build"/>
        <property name="java.vendor.url" value="Unknown"/>
        <property name="java.vendor.url.bug" value="Unknown"/>
        <property name="java.version" value="17.0.10"/>
        <property name="java.version.date" value="2024-01-16"/>
        <property name="java.vm.compressedOopsMode" value="32-bit"/>
        <property name="java.vm.info" value="mixed mode, sharing"/>
        <property name="java.vm.name" value="OpenJDK 64-Bit Server VM"/>
        <property name="java.vm.specification.name" value="Java Virtual Machine Specification"/>
        <property name="java.vm.specification.vendor" value="Oracle Corporation"/>
        <property name="java.vm.specification.version" value="17"/>
        <property name="java.vm.vendor" value="Private Build"/>
        <property name="java.vm.version" value="17.0.10+7-Ubuntu-122.04.1"/>
        <property name="jdk.debug" value="release"/>
        <property name="line.separator" value="&#10;"/>
        <property name="native.encoding" value="UTF-8"/>
        <property name="os.arch" value="amd64"/>
        <property name="os.name" value="Linux"/>
        <property name="os.version" value="5.15.0-105-generic"/>
        <property name="path.separator" value=":"/>
        <property name="sun.arch.data.model" value="64"/>
        <property name="sun.boot.library.path" value="/usr/lib/jvm/java-17-openjdk-amd64/lib"/>
        <property name="sun.cpu.endian" value="little"/>
        <property name="sun.io.unicode.encoding" value="UnicodeLittle"/>
        <property name="sun.java.command" value="J2SEPlatformProbe /tmp/nb-platformdetect785039595761847571properties"/>
        <property name="sun.java.launcher" value="SUN_STANDARD"/>
        <property name="sun.jnu.encoding" value="UTF-8"/>
        <property name="sun.management.compiler" value="HotSpot 64-Bit Tiered Compilers"/>
        <property name="user.country" value="US"/>
        <property name="user.dir" value=""/>
        <property name="user.home" value="/home/kakos27"/>
        <property name="user.language" value="en"/>
        <property name="user.name" value="kakos27"/>
        <property name="user.timezone" value="Europe/Budapest"/>
    </sysproperties>
</platform>
