<?xml version="1.0" encoding="UTF-8"?>
<!DOCTYPE fontscolors PUBLIC "-//NetBeans//DTD Editor Fonts and Colors settings 1.2//EN" "https://netbeans.apache.org/dtds/EditorFontsColors-1_2.dtd">
<fontscolors>
    <fontcolor bgColor="blue" foreColor="ff666666" name="code-folding-border"/>
    <fontcolor foreColor="ffffef28" name="nbeditor-bracesMatching-match"/>
    <fontcolor name="coverage-partial"/>
    <fontcolor foreColor="ff8c8c8c" name="code-folding"/>
    <fontcolor name="nbeditor-bracesMatching-mismatch"/>
    <fontcolor foreColor="ff888888" name="line-number"/>
    <fontcolor name="readonly-files"/>
    <fontcolor name="highlight-caret-row"/>
    <fontcolor name="highlight-search"/>
    <fontcolor name="coverage-covered"/>
    <fontcolor name="guarded"/>
    <fontcolor foreColor="black" name="block-search"/>
    <fontcolor bgColor="ff003366" name="selection"/>
    <fontcolor name="coverage-inferred"/>
    <fontcolor name="coverage-uncovered"/>
    <fontcolor foreColor="black" name="inc-search"/>
    <fontcolor name="remove-surround-code-remain"/>
    <fontcolor name="nbeditor-bracesMatching-match-multichar"/>
    <fontcolor name="nbeditor-bracesMatching-mismatch-multichar"/>
    <fontcolor foreColor="ff5a5a5a" name="remove-surround-code-delete"/>
</fontscolors>
