<?xml version="1.0" encoding="UTF-8"?>
<!DOCTYPE fontscolors PUBLIC "-//NetBeans//DTD Editor Fonts and Colors settings 1.2//EN" "https://netbeans.apache.org/dtds/EditorFontsColors-1_2.dtd">
<fontscolors>
    <fontcolor foreColor="ffcc6600" name="string"/>
    <fontcolor foreColor="ffffef28" name="nbeditor-bracesMatching-match"/>
    <fontcolor name="coverage-partial"/>
    <fontcolor foreColor="ff8c8c8c" name="code-folding"/>
    <fontcolor name="nbeditor-bracesMatching-mismatch"/>
    <fontcolor name="highlight-caret-row"/>
    <fontcolor foreColor="white" name="operator"/>
    <fontcolor name="coverage-covered"/>
    <fontcolor foreColor="ff99ff99" name="number"/>
    <fontcolor name="guarded"/>
    <fontcolor bgColor="ff2b2b2b" foreColor="ff669900" name="default">
        <font name="Noto Sans Mono" size="13"/>
    </fontcolor>
    <fontcolor name="coverage-inferred"/>
    <fontcolor foreColor="ffff66ff" name="keyword"/>
    <fontcolor name="nbeditor-bracesMatching-mismatch-multichar"/>
    <fontcolor foreColor="ff5a5a5a" name="remove-surround-code-delete"/>
    <fontcolor bgColor="blue" foreColor="ff666666" name="code-folding-border"/>
    <fontcolor foreColor="ff66ccff" name="identifier"/>
    <fontcolor default="identifier" foreColor="ffffcc66" name="method"/>
    <fontcolor foreColor="ff888888" name="line-number"/>
    <fontcolor name="readonly-files"/>
    <fontcolor name="highlight-search"/>
    <fontcolor foreColor="orange" name="separator"/>
    <fontcolor default="identifier" name="field"/>
    <fontcolor foreColor="black" name="block-search"/>
    <fontcolor bgColor="ff003366" name="selection"/>
    <fontcolor name="coverage-uncovered"/>
    <fontcolor foreColor="ffcc6600" name="char"/>
    <fontcolor foreColor="black" name="inc-search"/>
    <fontcolor name="remove-surround-code-remain"/>
    <fontcolor name="comment"/>
    <fontcolor name="nbeditor-bracesMatching-match-multichar"/>
</fontscolors>
