<?xml version="1.0" encoding="UTF-8"?>
<!DOCTYPE fontscolors PUBLIC "-//NetBeans//DTD Editor Fonts and Colors settings 1.2//EN" "https://netbeans.apache.org/dtds/EditorFontsColors-1_2.dtd">
<fontscolors>
    <fontcolor foreColor="ffff99ff" name="mod-abstract"/>
    <fontcolor default="string" foreColor="ffff9966" name="string"/>
    <fontcolor default="field" name="mod-record-component"/>
    <fontcolor name="mod-unindented-text-block"/>
    <fontcolor default="identifier" foreColor="ff00cc99" name="mod-class"/>
    <fontcolor default="identifier" name="mod-interface-declaration"/>
    <fontcolor default="method" foreColor="ffffffcc" name="mod-method-declaration"/>
    <fontcolor default="identifier" foreColor="ff66ccff" name="mod-module-declaration"/>
    <fontcolor default="keyword" foreColor="ffff99cc" name="keyword-directive"/>
    <fontcolor default="char" foreColor="ffff9966" name="character"/>
    <fontcolor default="identifier" foreColor="ff66ccff" name="mod-parameter"/>
    <fontcolor default="identifier" foreColor="ff66ccff" name="mod-annotation-type"/>
    <fontcolor default="identifier" name="mod-record"/>
    <fontcolor default="string" name="string-escape"/>
    <fontcolor default="keyword" foreColor="ff3399ff" name="keyword"/>
    <fontcolor default="field" name="mod-field"/>
    <fontcolor default="keyword" name="mod-keyword"/>
    <fontcolor default="comment" name="javadoc-tag"/>
    <fontcolor default="method" foreColor="ffffffcc" name="mod-method"/>
    <fontcolor default="identifier" foreColor="ff66ccff" name="mod-annotation-type-declaration"/>
    <fontcolor default="character" name="character-escape-invalid"/>
    <fontcolor default="comment" foreColor="ff9999ff" name="html-tag"/>
    <fontcolor default="identifier" foreColor="ffffffcc" name="mod-constructor-declaration"/>
    <fontcolor default="separator" foreColor="ffffcc66" name="separator"/>
    <fontcolor default="identifier" foreColor="ff66ccff" name="mod-parameter-declaration"/>
    <fontcolor default="identifier" foreColor="ff33ccff" name="mod-enum-declaration"/>
    <fontcolor name="mod-static"/>
    <fontcolor default="field" name="mod-record-component-declaration"/>
    <fontcolor default="character" name="character-escape"/>
    <fontcolor default="identifier" foreColor="ff00cc99" name="mod-class-declaration"/>
    <fontcolor default="identifier" foreColor="ffffffcc" name="mod-constructor"/>
    <fontcolor default="identifier" foreColor="ff66ccff" name="mod-module"/>
    <fontcolor default="field" name="mod-field-declaration"/>
</fontscolors>
